Date,High Temp (ºF),Avg Temp (ºF),Low T (ºF),High Dew Pt (ºF),Avg Dew Pt (ºF),Low Dew Pt (ºF),High Hum (%),Avg Hum (%),Low Hum (%),High Spe (mph),Avg Spe (mph),Low Spe (mph),High Press (in),Low Press (in),Sum Prec (In)
1/1/2024,54.5,41.5,35.0,40.2,34.4,30.0,91.0,77.0,44.0,4.9,0.3,0.0,30.33,30.24,0.0
1/2/2024,48.5,42.2,36.6,47.4,39.6,33.4,96.0,91.0,78.0,5.1,0.1,0.0,30.33,30.24,0.0
1/3/2024,53.0,49.8,44.0,51.6,48.1,42.0,98.0,94.0,84.0,7.3,0.3,0.0,30.3,30.21,0.09
1/4/2024,48.7,43.4,36.8,47.1,41.9,35.7,97.0,94.0,85.0,4.4,0.0,0.0,30.27,30.0,0.11
1/5/2024,44.0,40.8,37.7,42.2,35.0,31.2,97.0,80.0,62.0,14.3,3.0,0.0,30.09,29.94,0.06
1/6/2024,43.3,38.9,34.8,33.2,31.6,29.4,83.0,75.0,61.0,13.6,2.5,0.0,30.3,30.09,0.0
1/7/2024,47.4,38.3,32.1,32.0,29.6,27.3,87.0,72.0,49.0,8.7,1.5,0.0,30.35,30.3,0.0
1/8/2024,48.2,35.7,27.6,34.7,30.2,26.0,93.0,81.0,50.0,3.3,0.1,0.0,30.33,30.21,0.0
1/9/2024,43.5,40.1,36.1,38.6,36.5,32.9,91.0,87.0,80.0,2.6,0.0,0.0,30.24,30.18,0.0
1/10/2024,47.1,41.1,37.9,41.5,38.5,35.9,96.0,91.0,66.0,7.3,0.4,0.0,30.24,30.18,0.11
1/11/2024,46.7,37.7,32.0,37.2,30.9,25.8,96.0,78.0,48.0,9.1,0.7,0.0,30.35,30.21,0.0
1/12/2024,46.5,36.1,28.0,32.3,27.9,23.7,88.0,73.0,54.0,5.8,0.2,0.0,30.41,30.33,0.0
1/13/2024,48.9,40.7,34.3,41.5,37.0,29.6,95.0,87.0,73.0,2.9,0.0,0.0,30.44,30.33,0.0
1/14/2024,46.7,43.8,40.6,44.9,41.8,37.9,97.0,93.0,84.0,4.9,0.1,0.0,30.33,30.21,0.09
1/15/2024,55.9,49.3,43.7,53.9,48.4,42.9,98.0,97.0,92.0,2.6,0.1,0.0,30.21,30.09,0.37
1/16/2024,57.2,52.2,49.2,53.0,49.7,45.6,98.0,92.0,72.0,6.2,0.6,0.0,30.15,29.97,0.15
1/17/2024,50.7,48.8,45.3,49.8,46.9,42.8,98.0,93.0,79.0,11.4,2.0,0.0,29.97,29.73,0.91
1/18/2024,60.9,49.8,46.2,50.7,47.0,44.4,96.0,91.0,66.0,7.1,0.9,0.0,30.03,29.91,0.0
1/19/2024,47.4,43.1,32.7,46.5,41.0,28.0,98.0,92.0,82.0,10.5,1.4,0.0,30.09,29.82,1.16
1/20/2024,53.2,37.4,28.9,39.7,32.9,28.2,97.0,85.0,51.0,8.7,0.3,0.0,30.53,30.09,0.0
1/21/2024,57.5,39.1,30.3,42.9,35.2,29.6,97.0,87.0,51.0,4.2,0.1,0.0,30.68,30.53,0.0
1/22/2024,59.7,46.4,34.7,49.2,41.6,33.2,96.0,84.0,63.0,9.3,0.8,0.0,30.74,30.65,0.0
1/23/2024,66.3,51.7,42.4,53.7,47.4,41.3,97.0,86.0,59.0,8.9,0.4,0.0,30.8,30.71,0.0
1/24/2024,72.8,51.1,41.5,53.0,45.2,40.1,96.0,82.0,45.0,2.9,0.1,0.0,30.8,30.74,0.0
1/25/2024,71.9,51.2,41.3,51.9,42.6,32.1,90.0,75.0,32.0,3.8,0.1,0.0,30.74,30.62,0.0
1/26/2024,75.5,52.5,43.1,49.4,42.9,38.4,91.0,72.0,32.0,2.2,0.0,0.0,30.65,30.59,0.0
1/27/2024,71.7,52.8,43.7,46.7,40.2,35.4,77.0,64.0,37.0,4.4,0.1,0.0,30.59,30.5,0.0
1/28/2024,70.3,51.9,41.7,47.8,42.1,36.8,88.0,71.0,40.0,5.5,0.3,0.0,30.5,30.47,0.0
1/29/2024,63.6,50.0,42.4,46.2,42.3,39.0,91.0,76.0,49.0,2.9,0.1,0.0,30.56,30.47,0.0
1/30/2024,62.6,45.4,37.2,49.1,41.6,35.9,96.0,87.0,58.0,4.2,0.1,0.0,30.62,30.53,0.0
1/31/2024,62.4,45.1,36.5,48.7,41.4,35.6,97.0,88.0,56.0,4.2,0.1,0.0,30.68,30.62,0.0
2/1/2024,68.9,47.3,37.0,45.3,38.6,33.9,92.0,75.0,35.0,7.3,0.3,0.0,30.71,30.62,0.0
2/2/2024,66.5,48.5,38.4,44.7,37.7,30.7,86.0,68.0,38.0,4.0,0.2,0.0,30.65,30.53,0.0
2/3/2024,64.7,49.0,39.3,39.5,37.0,32.9,88.0,65.0,36.0,6.2,0.2,0.0,30.62,30.56,0.0
2/4/2024,67.8,46.5,35.6,37.9,32.2,25.8,82.0,61.0,27.0,4.4,0.2,0.0,30.62,30.53,0.0
2/5/2024,63.6,46.9,35.4,42.8,32.9,27.3,77.0,60.0,33.0,3.3,0.1,0.0,30.59,30.47,0.0
2/6/2024,62.7,49.5,41.1,41.7,36.7,31.6,77.0,63.0,37.0,6.9,0.5,0.0,30.47,30.38,0.0
2/7/2024,55.0,44.0,34.1,47.3,38.7,30.9,95.0,82.0,65.0,5.1,0.2,0.0,30.41,30.27,0.0
2/8/2024,49.4,45.8,41.0,46.2,42.4,37.2,96.0,88.0,63.0,8.2,0.8,0.0,30.27,29.79,0.03
2/9/2024,49.6,46.3,41.7,48.5,45.4,40.8,98.0,97.0,93.0,5.8,0.6,0.0,29.79,29.38,0.69
2/10/2024,46.5,42.2,38.4,42.6,35.1,29.6,98.0,76.0,60.0,13.6,3.3,0.0,29.94,29.47,0.09
2/11/2024,48.3,40.0,37.2,40.1,34.5,29.1,96.0,81.0,65.0,7.1,0.9,0.0,30.03,29.94,0.09
2/12/2024,60.9,48.8,37.5,45.5,41.4,36.6,98.0,78.0,45.0,9.6,1.4,0.0,30.3,29.97,0.01
2/13/2024,65.3,52.9,45.3,55.4,48.5,42.2,95.0,85.0,65.0,4.9,0.2,0.0,30.44,30.27,0.0
2/14/2024,58.6,52.9,46.5,52.7,50.1,45.5,97.0,91.0,79.0,4.4,0.2,0.0,30.44,30.3,0.0
2/15/2024,59.9,54.1,49.1,52.1,49.5,43.5,96.0,85.0,67.0,10.5,1.0,0.0,30.3,30.15,0.09
2/16/2024,55.4,49.0,44.0,45.1,40.5,37.7,87.0,74.0,55.0,11.1,2.8,0.0,30.5,30.24,0.0
2/17/2024,62.0,48.2,38.8,41.3,35.2,26.6,93.0,66.0,27.0,11.1,1.1,0.0,30.65,30.5,0.0
2/18/2024,68.0,47.9,35.0,43.7,35.7,29.1,85.0,66.0,27.0,5.8,0.2,0.0,30.71,30.62,0.0
2/19/2024,70.5,51.5,41.0,49.1,41.4,36.6,91.0,71.0,34.0,8.5,0.5,0.0,30.68,30.56,0.0
2/20/2024,71.6,49.8,36.8,44.6,34.3,22.8,91.0,60.0,20.0,6.0,0.3,0.0,30.62,30.5,0.0
2/21/2024,62.4,48.8,37.4,44.4,32.8,21.2,81.0,56.0,27.0,4.2,0.1,0.0,30.53,30.35,0.0
2/22/2024,54.6,48.4,39.3,49.4,42.5,32.5,95.0,81.0,63.0,14.3,1.6,0.0,30.35,30.0,0.11
2/23/2024,47.1,40.9,37.4,38.8,31.9,27.8,84.0,71.0,49.0,12.3,2.6,0.0,30.09,30.0,0.03
2/24/2024,48.0,41.9,37.5,35.2,30.5,26.9,79.0,65.0,45.0,14.9,3.4,0.0,30.18,29.97,0.0
2/25/2024,53.7,46.8,39.9,48.5,43.7,34.3,95.0,89.0,54.0,10.7,1.9,0.0,30.18,29.88,0.01
2/26/2024,51.9,43.4,37.9,39.9,34.2,28.5,85.0,71.0,51.0,14.5,3.8,0.0,30.09,29.85,0.04
2/27/2024,46.5,39.7,34.7,30.7,27.7,21.9,76.0,63.0,48.0,16.3,3.4,0.0,30.33,30.09,0.0
2/28/2024,51.2,43.7,37.0,36.3,31.2,19.9,71.0,62.0,44.0,15.2,4.8,0.0,30.35,30.3,0.0
2/29/2024,53.9,44.7,37.0,41.1,34.3,26.7,87.0,68.0,45.0,15.2,2.6,0.0,30.33,30.15,0.0
3/1/2024,52.8,42.6,33.6,38.8,31.6,25.7,84.0,66.0,49.0,11.1,2.2,0.0,30.27,30.09,0.0
3/2/2024,45.5,40.2,34.3,42.2,37.1,29.6,94.0,89.0,77.0,16.5,2.4,0.0,30.09,29.68,0.2
3/3/2024,45.5,39.4,33.6,35.6,30.6,26.2,83.0,71.0,54.0,13.6,2.8,0.0,30.15,29.85,0.0
3/4/2024,52.5,45.6,37.7,46.7,39.7,34.5,94.0,81.0,58.0,11.4,1.2,0.0,30.3,30.15,0.0
3/5/2024,55.9,44.8,36.5,35.2,32.4,29.1,82.0,64.0,39.0,9.1,1.6,0.0,30.38,30.3,0.0
3/6/2024,60.0,43.9,32.1,39.0,33.6,29.3,90.0,69.0,42.0,5.8,0.3,0.0,30.35,30.15,0.0
3/7/2024,47.8,43.3,36.8,43.3,36.7,31.4,96.0,79.0,55.0,7.6,0.5,0.0,30.15,29.85,0.8
3/8/2024,48.0,40.3,35.7,40.6,37.8,34.7,97.0,91.0,70.0,9.3,1.8,0.0,29.88,29.68,0.77
3/9/2024,43.5,39.8,36.1,42.6,37.4,34.3,98.0,91.0,77.0,7.6,1.4,0.0,29.65,29.53,0.39
3/10/2024,52.1,42.6,36.8,42.6,37.1,34.8,97.0,82.0,54.0,16.7,2.1,0.0,30.03,29.62,0.23
3/11/2024,53.4,45.9,40.4,38.4,35.4,31.4,83.0,68.0,46.0,12.7,2.4,0.0,30.35,30.03,0.0
3/12/2024,64.9,47.7,35.0,42.2,38.1,33.4,95.0,72.0,40.0,6.2,0.4,0.0,30.35,30.3,0.0
3/13/2024,69.4,50.5,38.8,44.2,38.8,35.2,89.0,68.0,34.0,5.3,0.2,0.0,30.3,30.15,0.0
3/14/2024,59.7,49.0,40.8,48.3,42.4,38.3,92.0,79.0,58.0,7.1,0.6,0.0,30.33,30.18,0.0
3/15/2024,65.6,51.8,40.8,53.9,45.6,38.1,91.0,80.0,54.0,4.4,0.2,0.0,30.41,30.3,0.0
3/16/2024,67.4,52.8,41.0,54.3,47.4,39.3,95.0,83.0,57.0,4.9,0.2,0.0,30.47,30.38,0.0
3/17/2024,70.3,55.6,44.0,55.0,49.2,42.9,97.0,81.0,54.0,3.5,0.1,0.0,30.41,30.3,0.0
3/18/2024,70.3,56.7,45.3,55.2,49.5,43.8,95.0,79.0,48.0,4.0,0.1,0.0,30.33,30.21,0.0
3/19/2024,75.7,59.4,46.9,52.8,48.0,44.2,92.0,69.0,36.0,5.3,0.3,0.0,30.24,30.15,0.0
3/20/2024,72.8,61.2,50.3,50.7,46.3,43.3,82.0,60.0,39.0,6.0,0.8,0.0,30.18,30.09,0.0
3/21/2024,76.8,62.6,53.4,50.0,46.1,41.5,84.0,56.0,34.0,9.6,0.9,0.0,30.35,30.18,0.0
3/22/2024,80.2,64.7,51.0,48.5,44.3,39.9,78.0,50.0,27.0,5.5,0.7,0.0,30.35,30.24,0.0
3/23/2024,79.3,62.3,51.2,54.1,46.8,41.7,75.0,59.0,35.0,6.7,0.4,0.0,30.3,30.18,0.0
3/24/2024,71.0,59.6,49.2,47.6,45.2,42.4,83.0,61.0,39.0,6.4,0.6,0.0,30.24,29.94,0.0
3/25/2024,57.9,52.6,44.6,52.3,46.6,34.1,91.0,81.0,67.0,8.5,0.5,0.0,29.91,29.53,0.07
3/26/2024,47.8,41.0,35.2,36.6,31.0,20.3,96.0,70.0,34.0,13.1,2.1,0.0,29.59,29.53,0.14
3/27/2024,55.0,46.2,39.2,48.3,41.8,32.5,97.0,85.0,68.0,12.0,2.5,0.0,29.68,29.56,0.37
3/28/2024,55.4,47.7,40.4,50.0,44.3,39.5,97.0,88.0,67.0,13.8,1.9,0.0,29.76,29.62,0.31
3/29/2024,48.5,42.9,38.3,47.4,41.5,37.2,98.0,95.0,81.0,5.8,0.7,0.0,29.68,29.62,0.61
3/30/2024,46.5,41.5,38.8,43.7,40.2,37.7,98.0,95.0,84.0,7.8,0.8,0.0,29.68,29.5,1.08
3/31/2024,50.5,40.9,35.4,42.8,37.9,33.8,98.0,90.0,63.0,8.5,1.1,0.0,29.82,29.5,0.44
4/1/2024,55.0,42.7,33.4,42.4,37.6,32.5,98.0,84.0,48.0,8.2,1.1,0.0,30.24,29.82,0.0
4/2/2024,53.9,44.6,35.6,46.2,40.0,33.9,95.0,85.0,67.0,5.8,0.4,0.0,30.27,30.18,0.0
4/3/2024,67.6,52.3,41.9,48.3,44.6,39.9,97.0,77.0,44.0,6.4,0.5,0.0,30.33,30.21,0.0
4/4/2024,68.3,53.5,41.5,51.6,45.0,39.7,94.0,76.0,41.0,6.4,0.4,0.0,30.33,30.21,0.0
4/5/2024,72.3,59.3,49.1,51.2,46.3,42.6,88.0,65.0,38.0,7.3,0.7,0.0,30.27,30.12,0.0
4/6/2024,76.8,65.4,58.1,50.3,42.9,35.4,69.0,45.0,27.0,9.1,1.0,0.0,30.21,30.09,0.0
4/7/2024,73.4,61.0,53.7,53.6,47.8,41.5,76.0,63.0,32.0,7.1,0.7,0.0,30.21,30.09,0.0
4/8/2024,57.9,50.9,44.0,50.0,43.4,31.2,93.0,77.0,41.0,14.0,1.9,0.0,30.27,30.06,0.07
4/9/2024,59.5,47.2,37.4,35.7,31.3,24.6,78.0,57.0,31.0,13.8,3.0,0.0,30.56,30.27,0.0
4/10/2024,68.9,52.2,37.0,44.7,37.5,32.0,86.0,61.0,34.0,11.6,2.1,0.0,30.56,30.5,0.0
4/11/2024,85.8,63.2,48.0,56.1,47.4,39.7,80.0,58.0,33.0,10.2,1.3,0.0,30.56,30.47,0.0
4/12/2024,79.8,62.3,45.6,51.6,42.9,34.1,74.0,51.0,32.0,5.1,0.4,0.0,30.62,30.53,0.0
4/13/2024,86.7,64.5,49.6,65.1,46.7,39.9,85.0,57.0,23.0,6.7,0.3,0.0,30.56,30.47,0.26
4/14/2024,84.7,65.9,51.8,48.9,44.1,37.0,73.0,49.0,24.0,5.3,0.4,0.0,30.47,29.91,0.0
4/15/2024,79.3,67.9,58.1,52.7,47.9,42.4,72.0,51.0,28.0,13.4,2.5,0.0,29.91,29.79,0.0
4/16/2024,75.2,63.3,51.0,46.9,42.6,37.0,77.0,49.0,29.0,10.5,2.0,0.0,29.85,29.71,0.0
4/17/2024,74.3,57.8,45.3,47.1,40.1,31.1,83.0,55.0,23.0,9.6,1.3,0.0,29.94,29.68,0.0
4/18/2024,78.0,57.5,41.5,45.5,37.2,30.2,74.0,50.0,27.0,8.7,0.9,0.0,30.03,29.91,0.0
4/19/2024,74.4,57.2,44.7,46.5,38.2,21.3,72.0,51.0,30.0,6.7,0.6,0.0,30.09,29.97,0.0
4/20/2024,79.3,60.5,45.8,49.4,41.6,30.9,86.0,55.0,21.0,5.5,0.4,0.0,30.0,29.85,0.0
4/21/2024,80.2,61.8,50.3,47.3,32.8,24.9,51.0,35.0,18.0,9.1,1.5,0.0,29.94,29.85,0.0
4/22/2024,62.9,51.6,38.6,35.9,26.8,17.6,64.0,40.0,23.0,11.1,2.6,0.0,30.0,29.88,0.0
4/23/2024,64.5,47.4,31.8,36.6,27.0,15.9,72.0,47.0,30.0,16.5,1.5,0.0,30.03,29.94,0.0
4/24/2024,69.0,51.3,34.3,36.5,26.2,16.8,70.0,41.0,17.0,8.9,1.3,0.0,30.03,29.91,0.0
4/25/2024,63.1,53.7,44.9,37.9,32.9,26.4,65.0,46.0,30.0,10.7,1.4,0.0,29.88,29.71,0.0
4/26/2024,59.7,52.0,44.2,43.7,39.0,35.0,78.0,62.0,43.0,8.2,1.2,0.0,29.73,29.56,0.0
4/27/2024,56.3,47.7,42.9,46.9,42.4,37.2,97.0,83.0,52.0,9.3,1.9,0.0,29.71,29.47,0.53
4/28/2024,64.7,49.1,37.0,42.0,36.1,23.1,93.0,66.0,23.0,8.9,0.8,0.0,29.88,29.71,0.0
4/29/2024,64.5,49.5,40.4,45.5,39.2,34.8,85.0,70.0,34.0,7.1,0.5,0.0,29.94,29.85,0.04
4/30/2024,64.5,51.1,40.2,48.2,40.7,33.8,96.0,69.0,42.0,6.0,0.8,0.0,29.94,29.82,0.03
5/1/2024,54.5,46.1,40.6,48.2,35.6,27.6,96.0,69.0,40.0,10.9,2.1,0.0,29.88,29.76,0.22
5/2/2024,58.4,46.9,39.0,39.9,34.8,27.3,83.0,65.0,38.0,9.6,1.3,0.0,30.0,29.88,0.0
5/3/2024,68.5,51.0,37.2,45.3,38.5,33.8,90.0,66.0,34.0,6.7,0.8,0.0,30.06,30.0,0.0
5/4/2024,72.6,56.8,42.9,48.9,43.9,39.5,89.0,65.0,40.0,8.5,1.0,0.0,30.03,29.94,0.0
5/5/2024,62.4,56.2,47.1,54.5,49.9,43.7,97.0,80.0,67.0,7.8,1.1,0.0,30.0,29.85,0.31
5/6/2024,67.1,55.9,46.4,51.4,43.5,34.7,96.0,68.0,35.0,9.6,1.5,0.0,30.0,29.82,0.0
5/7/2024,73.9,56.9,41.7,50.0,38.9,34.8,83.0,54.0,30.0,10.7,1.6,0.0,30.12,30.0,0.0
5/8/2024,82.5,60.6,43.3,44.0,38.2,32.3,80.0,48.0,19.0,6.2,0.3,0.0,30.12,30.03,0.0
5/9/2024,82.4,64.3,51.0,47.4,41.3,37.0,64.0,46.0,22.0,5.3,0.4,0.0,30.06,29.97,0.0
5/10/2024,85.8,67.5,53.6,49.2,43.5,37.5,65.0,44.0,22.0,5.8,0.5,0.0,30.0,29.91,0.0
5/11/2024,86.1,68.8,58.8,51.0,43.7,37.7,59.0,42.0,24.0,9.6,1.4,0.0,29.97,29.91,0.0
5/12/2024,83.6,67.5,52.7,52.8,47.3,41.3,77.0,51.0,25.0,7.3,0.6,0.0,30.0,29.91,0.0
5/13/2024,85.6,66.5,53.2,57.5,49.2,42.9,76.0,56.0,29.0,8.2,0.9,0.0,29.94,29.73,0.0
5/14/2024,63.3,54.4,48.2,54.3,40.2,34.5,88.0,60.0,36.0,12.0,3.1,0.0,29.76,29.71,0.09
5/15/2024,62.0,52.1,43.8,44.7,35.5,28.5,75.0,56.0,30.0,9.6,2.0,0.0,29.76,29.73,0.0
5/16/2024,66.2,53.0,44.0,43.1,38.1,33.6,71.0,58.0,37.0,9.1,1.3,0.0,29.79,29.73,0.0
5/17/2024,69.0,54.8,48.3,50.5,44.9,37.5,97.0,72.0,40.0,7.6,0.8,0.0,29.85,29.71,0.15
5/18/2024,74.4,56.2,43.5,46.9,41.6,37.0,90.0,62.0,28.0,7.3,0.8,0.0,29.85,29.79,0.0
5/19/2024,67.8,54.5,44.7,46.0,42.8,38.1,87.0,66.0,35.0,10.7,0.8,0.0,29.82,29.76,0.0
5/20/2024,68.7,52.3,41.5,51.6,43.0,37.4,94.0,73.0,39.0,8.9,0.5,0.0,29.88,29.82,0.2
5/21/2024,66.0,55.2,47.8,50.0,45.6,40.4,94.0,71.0,44.0,6.9,0.8,0.0,30.0,29.88,0.0
5/22/2024,69.2,57.3,46.4,45.1,41.4,35.6,84.0,58.0,35.0,6.9,1.1,0.0,30.0,29.94,0.0
5/23/2024,80.2,61.3,43.7,44.2,40.5,35.7,84.0,51.0,22.0,6.7,0.6,0.0,30.03,29.91,0.0
5/24/2024,85.1,65.5,49.2,48.7,41.6,29.1,76.0,46.0,17.0,9.3,0.8,0.0,29.97,29.91,0.0
5/25/2024,86.0,67.6,51.0,45.5,37.8,31.1,65.0,38.0,15.0,8.5,1.0,0.0,30.0,29.94,0.0
5/26/2024,83.6,68.9,53.2,52.8,44.3,34.8,71.0,43.0,26.0,9.3,1.2,0.0,30.03,29.94,0.0
5/27/2024,86.0,70.0,54.6,48.2,43.7,38.3,65.0,41.0,19.0,9.6,1.6,0.0,30.03,29.97,0.0
5/28/2024,91.2,71.9,55.9,57.0,50.6,41.7,73.0,50.0,27.0,5.5,0.5,0.0,30.09,30.0,0.0
5/29/2024,95.1,76.1,58.1,53.7,45.4,39.3,65.0,37.0,16.0,8.2,0.9,0.0,30.06,29.94,0.0
5/30/2024,91.4,75.9,59.9,57.3,48.7,43.3,60.0,40.0,22.0,9.3,1.6,0.0,29.97,29.82,0.0
5/31/2024,90.8,72.9,58.2,55.9,44.7,28.9,68.0,40.0,15.0,9.6,1.5,0.0,29.91,29.82,0.0
6/1/2024,86.5,68.3,52.7,47.8,40.0,32.7,58.0,38.0,17.0,8.7,1.1,0.0,30.0,29.91,0.0
6/2/2024,86.5,68.4,54.3,49.1,41.1,35.7,59.0,39.0,20.0,6.2,1.1,0.0,30.03,29.94,0.0
6/3/2024,84.9,70.1,60.0,67.1,47.9,35.2,89.0,47.0,29.0,10.7,1.0,0.0,30.0,29.91,0.22
6/4/2024,88.3,71.4,57.0,54.8,51.1,45.6,82.0,52.0,27.0,5.5,0.4,0.0,29.97,29.88,0.0
6/5/2024,91.7,74.8,58.1,53.4,49.2,44.4,70.0,44.0,21.0,8.7,0.7,0.0,30.0,29.91,0.0
6/6/2024,94.6,78.0,62.6,55.0,49.4,45.5,62.0,40.0,19.0,7.6,0.7,0.0,30.0,29.91,0.0
6/7/2024,92.8,79.0,71.2,52.8,47.6,42.4,50.0,34.0,21.0,8.7,1.1,0.0,30.0,29.85,0.0
6/8/2024,77.1,65.7,60.4,60.8,56.2,47.3,93.0,73.0,35.0,6.0,0.5,0.0,29.91,29.79,0.23
6/9/2024,69.0,62.5,56.8,60.4,56.0,52.8,95.0,80.0,60.0,8.2,1.0,0.0,29.88,29.79,0.81
6/10/2024,70.7,60.9,56.6,62.9,57.8,55.0,99.0,90.0,68.0,4.9,0.2,0.0,29.94,29.82,1.38
6/11/2024,78.9,62.5,47.1,55.2,45.6,38.3,95.0,61.0,25.0,9.6,1.4,0.0,29.97,29.91,0.0
6/12/2024,76.4,65.3,55.0,51.8,44.9,38.8,73.0,49.0,30.0,8.9,1.2,0.0,30.06,29.94,0.0
6/13/2024,85.6,66.9,49.6,50.9,44.4,38.1,79.0,47.0,24.0,6.7,0.8,0.0,30.09,30.0,0.0
6/14/2024,86.7,70.5,53.9,55.2,44.8,32.9,77.0,45.0,17.0,8.2,1.3,0.0,30.03,29.88,0.0
6/15/2024,85.6,69.3,57.2,55.5,41.2,27.3,71.0,41.0,15.0,9.6,2.1,0.0,29.94,29.88,0.0
6/16/2024,90.5,71.1,52.7,49.8,42.5,36.5,66.0,38.0,19.0,8.5,0.9,0.0,29.97,29.82,0.0
6/17/2024,83.8,70.1,54.1,50.5,46.8,41.9,75.0,46.0,23.0,9.3,1.2,0.0,29.91,29.85,0.0
6/18/2024,72.3,65.4,57.5,57.2,50.8,46.9,88.0,60.0,41.0,6.9,0.7,0.0,29.91,29.82,0.03
6/19/2024,76.6,61.5,51.0,53.7,48.1,41.3,93.0,66.0,29.0,6.9,0.7,0.0,29.97,29.88,0.04
6/20/2024,66.3,57.4,50.0,55.4,50.7,46.0,92.0,79.0,57.0,6.7,0.5,0.0,30.06,29.91,0.17
6/21/2024,85.8,66.7,51.6,52.7,49.1,44.7,90.0,58.0,26.0,8.9,0.9,0.0,30.15,30.06,0.0
6/22/2024,84.0,71.1,58.6,50.9,46.3,41.5,66.0,43.0,24.0,9.6,2.1,0.0,30.15,30.06,0.0
6/23/2024,88.8,74.0,59.9,59.0,51.9,44.9,70.0,47.0,33.0,9.6,1.2,0.0,30.09,29.94,0.0
6/24/2024,94.1,75.6,59.3,60.8,54.1,48.9,83.0,51.0,24.0,8.0,1.1,0.0,29.97,29.82,0.0
6/25/2024,97.3,79.4,65.1,60.8,54.6,48.2,64.0,44.0,21.0,7.1,0.8,0.0,29.88,29.76,0.0
6/26/2024,91.2,74.7,64.2,67.1,59.5,53.4,92.0,61.0,33.0,6.7,1.0,0.0,29.91,29.79,0.22
6/27/2024,92.3,76.7,63.5,61.7,55.3,50.0,89.0,51.0,26.0,7.6,0.6,0.0,29.91,29.82,0.0
6/28/2024,84.3,71.0,59.5,62.6,53.8,47.4,92.0,56.0,38.0,6.9,1.0,0.0,29.94,29.91,0.14
6/29/2024,75.3,62.9,57.3,63.8,58.2,54.6,95.0,85.0,63.0,5.8,0.5,0.0,29.94,29.88,0.15
6/30/2024,81.6,67.5,56.6,59.5,56.3,52.8,93.0,70.0,39.0,6.4,0.5,0.0,29.97,29.91,0.0
7/1/2024,83.4,70.3,58.6,57.0,51.5,43.3,84.0,56.0,25.0,11.1,2.1,0.0,30.12,29.97,0.0
7/2/2024,88.7,73.4,57.2,55.4,49.5,44.0,73.0,45.0,27.0,9.3,1.8,0.0,30.12,30.0,0.0
7/3/2024,99.1,76.9,58.1,55.0,48.2,42.4,68.0,40.0,19.0,8.7,0.8,0.0,30.03,29.94,0.0
7/4/2024,105.4,81.7,63.1,51.9,47.7,43.1,57.0,34.0,14.0,7.1,0.4,0.0,30.0,29.91,0.0
7/5/2024,103.6,84.7,71.6,56.1,51.7,44.6,50.0,34.0,18.0,8.7,0.9,0.0,29.94,29.79,0.0
7/6/2024,87.8,79.2,72.1,57.3,50.7,42.0,59.0,38.0,25.0,9.6,2.7,0.0,29.88,29.79,0.0
7/7/2024,90.3,73.3,58.8,58.2,50.2,34.3,78.0,49.0,16.0,6.7,0.8,0.0,29.94,29.85,0.0
7/8/2024,92.3,75.1,59.0,45.8,42.2,38.1,54.0,33.0,17.0,8.5,1.0,0.0,29.97,29.91,0.0
7/9/2024,91.0,75.0,63.3,49.6,43.9,37.7,48.0,34.0,20.0,8.5,1.3,0.0,30.03,29.94,0.0
7/10/2024,97.8,79.2,63.5,59.7,54.2,44.4,73.0,45.0,25.0,6.4,0.5,0.0,30.06,30.0,0.0
7/11/2024,97.1,81.1,65.4,59.7,55.6,42.2,71.0,44.0,26.0,10.2,1.0,0.0,30.06,29.97,0.0
7/12/2024,94.2,77.8,63.8,51.9,46.2,37.2,64.0,36.0,15.0,9.3,2.2,0.0,30.0,29.88,0.0
7/13/2024,92.8,77.2,62.4,56.3,46.3,34.8,61.0,36.0,16.0,7.3,1.2,0.0,29.91,29.79,0.0
7/14/2024,90.3,75.2,60.0,47.1,39.8,16.3,55.0,31.0,9.0,9.3,1.4,0.0,29.94,29.85,0.0
7/15/2024,86.7,73.7,61.5,61.1,50.1,39.2,67.0,44.0,33.0,9.3,1.5,0.0,30.0,29.88,0.0
7/16/2024,95.0,75.3,56.6,49.4,42.5,32.3,67.0,36.0,13.0,8.0,0.9,0.0,30.03,29.97,0.0
7/17/2024,99.5,78.0,60.6,52.8,39.7,32.9,42.0,28.0,12.0,7.6,0.8,0.0,30.06,29.97,0.0
7/18/2024,100.0,80.4,64.2,58.6,43.8,37.4,60.0,30.0,13.0,6.7,0.6,0.0,30.09,30.03,0.0
7/19/2024,101.3,82.7,66.3,49.6,42.6,32.5,48.0,28.0,11.0,9.1,1.1,0.0,30.12,30.0,0.0
7/20/2024,98.9,80.0,64.9,56.6,48.9,39.0,56.0,35.0,19.0,9.3,1.6,0.0,30.0,29.82,0.0
7/21/2024,88.8,74.7,61.8,56.6,46.1,30.2,73.0,42.0,15.0,11.8,3.9,0.0,30.03,29.88,0.0
7/22/2024,101.1,77.8,57.3,41.0,34.2,28.0,45.0,23.0,8.0,6.2,0.4,0.0,30.12,30.03,0.0
7/23/2024,106.7,86.5,69.4,51.9,44.6,29.1,42.0,24.0,12.0,6.7,0.6,0.0,30.15,30.06,0.0
7/24/2024,110.1,87.6,70.1,52.5,46.3,40.8,42.0,25.0,13.0,7.3,0.6,0.0,30.12,29.94,0.0
7/25/2024,107.0,87.0,71.0,54.1,46.9,37.7,45.0,27.0,13.0,6.2,0.6,0.0,29.97,29.79,0.0
7/26/2024,105.4,86.4,76.1,59.5,54.4,46.5,53.0,35.0,19.0,6.7,0.6,0.0,29.88,29.82,0.0
7/27/2024,101.3,86.4,74.8,58.8,52.9,44.9,53.0,33.0,17.0,8.0,0.8,0.0,29.94,29.88,0.0
7/28/2024,104.5,87.3,74.4,55.4,52.0,47.8,47.0,32.0,18.0,7.1,1.1,0.0,30.03,29.91,0.0
7/29/2024,97.8,83.0,72.6,67.1,55.5,51.0,78.0,40.0,22.0,6.9,0.7,0.0,30.12,30.0,0.03
7/30/2024,99.8,86.2,75.9,54.5,51.4,48.5,44.0,31.0,19.0,9.1,1.3,0.0,30.03,29.94,0.0
7/31/2024,100.2,82.8,67.4,53.6,46.5,35.7,53.0,31.0,12.0,7.1,1.0,0.0,30.0,29.94,0.0
8/1/2024,103.1,84.2,66.5,49.6,43.8,24.2,50.0,27.0,6.0,9.6,0.8,0.0,30.0,29.88,0.0
8/2/2024,96.0,81.7,69.9,59.5,52.9,46.7,53.0,38.0,26.0,10.7,2.2,0.0,29.97,29.88,0.0
8/3/2024,100.5,81.8,65.8,56.4,51.8,47.6,63.0,38.0,19.0,8.0,0.9,0.0,30.0,29.91,0.0
8/4/2024,104.0,85.1,68.9,53.2,48.5,44.6,47.0,30.0,15.0,6.7,0.6,0.0,30.03,29.91,0.0
8/5/2024,101.8,85.4,69.8,51.0,44.6,35.4,43.0,26.0,12.0,7.8,0.9,0.0,29.94,29.85,0.0
8/6/2024,100.4,85.1,69.0,49.1,44.0,38.6,44.0,25.0,13.0,6.9,1.0,0.0,29.91,29.82,0.0
8/7/2024,101.8,84.6,67.6,50.3,43.9,34.3,46.0,26.0,12.0,6.4,0.8,0.0,29.94,29.88,0.0
8/8/2024,105.2,86.7,72.1,56.8,49.2,41.3,52.0,30.0,12.0,5.8,0.5,0.0,30.0,29.91,0.0
8/9/2024,106.7,87.3,73.2,55.5,47.6,41.9,43.0,27.0,12.0,6.2,0.5,0.0,30.09,30.0,0.0
8/10/2024,105.9,88.5,78.2,51.4,46.2,38.1,38.0,25.0,12.0,9.1,1.5,0.0,30.09,29.97,0.0
8/11/2024,101.4,86.8,75.7,54.5,46.7,38.3,38.0,26.0,17.0,7.6,1.2,0.0,30.03,29.88,0.0
8/12/2024,102.5,84.4,71.0,53.9,49.8,41.9,52.0,32.0,14.0,8.2,1.0,0.0,29.94,29.85,0.0
8/13/2024,84.0,75.8,66.5,58.1,53.1,48.9,61.0,46.0,35.0,9.3,2.1,0.0,29.91,29.85,0.0
8/14/2024,88.1,74.2,62.9,56.4,50.6,42.0,70.0,46.0,24.0,9.6,1.6,0.0,30.0,29.91,0.0
8/15/2024,92.6,73.4,56.8,48.2,43.9,38.3,71.0,38.0,17.0,9.6,1.3,0.0,30.06,30.0,0.0
8/16/2024,96.9,76.8,59.0,47.3,40.0,28.0,57.0,30.0,11.0,16.3,1.7,0.0,30.09,30.0,0.0
8/17/2024,97.8,79.6,65.1,49.6,42.9,37.0,43.0,28.0,17.0,10.7,1.1,0.0,30.06,29.94,0.0
8/18/2024,90.8,79.8,68.1,57.2,51.9,46.5,67.0,40.0,23.0,10.2,2.9,0.0,30.0,29.94,0.0
8/19/2024,97.7,79.6,63.6,54.1,48.9,40.2,59.0,37.0,20.0,8.5,1.3,0.0,30.0,29.91,0.0
8/20/2024,104.1,82.4,66.3,51.9,45.0,40.6,44.0,29.0,15.0,7.8,1.0,0.0,30.0,29.91,0.0
8/21/2024,101.6,83.7,73.4,60.0,49.3,41.3,42.0,31.0,16.0,7.3,1.0,0.0,30.06,29.94,0.0
8/22/2024,98.6,82.3,68.9,57.2,48.6,34.7,57.0,34.0,16.0,8.0,0.9,0.0,30.0,29.91,0.0
8/23/2024,98.4,82.5,67.4,55.4,45.4,34.1,41.0,28.0,17.0,8.7,0.8,0.0,30.0,29.91,0.0
8/24/2024,98.0,81.7,71.9,59.1,52.1,43.1,60.0,38.0,18.0,7.8,1.2,0.0,29.97,29.91,0.0
8/25/2024,97.7,80.3,65.1,56.6,52.5,46.4,64.0,41.0,19.0,9.6,1.2,0.0,30.03,29.94,0.0
8/26/2024,96.0,80.0,70.5,63.1,56.9,43.5,70.0,48.0,26.0,6.7,0.7,0.0,30.06,29.94,0.0
8/27/2024,99.6,80.6,67.4,57.3,49.2,40.8,55.0,35.0,17.0,6.4,0.7,0.0,30.0,29.91,0.0
8/28/2024,97.8,81.1,66.3,53.2,47.4,41.0,46.0,32.0,19.0,7.1,0.6,0.0,29.97,29.88,0.0
8/29/2024,82.2,73.8,64.2,66.9,61.1,48.9,95.0,67.0,36.0,7.6,0.6,0.0,30.03,29.91,0.75
8/30/2024,88.8,74.7,68.9,69.2,63.2,59.1,85.0,69.0,43.0,6.0,0.8,0.0,30.0,29.91,0.0
8/31/2024,84.7,72.7,65.3,67.4,59.9,55.2,94.0,66.0,45.0,7.6,1.2,0.0,30.0,29.88,0.28
9/1/2024,90.1,74.2,63.5,66.3,59.0,50.0,95.0,65.0,28.0,7.3,0.8,0.0,29.97,29.88,0.0
9/2/2024,92.6,75.1,62.7,62.2,53.8,46.2,76.0,51.0,24.0,7.3,0.6,0.0,29.94,29.82,0.0
9/3/2024,87.8,74.5,64.4,62.6,55.8,42.8,83.0,56.0,25.0,7.1,1.1,0.0,29.91,29.85,0.0
9/4/2024,81.8,69.7,62.6,58.6,52.8,45.6,80.0,58.0,30.0,10.7,2.4,0.0,29.97,29.91,0.0
9/5/2024,81.1,66.7,54.6,50.1,47.3,45.1,73.0,52.0,31.0,7.6,1.0,0.0,29.97,29.71,0.0
9/6/2024,79.7,65.6,56.4,46.2,38.2,20.8,66.0,40.0,13.0,8.2,1.4,0.0,29.73,29.68,0.0
9/7/2024,82.5,64.0,48.3,43.3,39.7,33.9,71.0,44.0,19.0,7.8,0.8,0.0,29.88,29.73,0.0
9/8/2024,80.9,66.0,53.0,48.0,43.7,38.6,73.0,47.0,28.0,8.9,1.0,0.0,29.97,29.82,0.0
9/9/2024,90.6,68.9,53.6,44.4,41.0,37.9,65.0,39.0,18.0,6.7,0.5,0.0,30.09,29.97,0.0
9/10/2024,92.1,70.7,54.6,48.0,43.6,39.5,63.0,40.0,19.0,8.9,0.6,0.0,30.06,29.97,0.0
9/11/2024,82.4,71.0,62.2,47.4,38.8,26.6,56.0,33.0,13.0,11.8,2.5,0.0,30.03,29.97,0.0
9/12/2024,78.4,68.0,58.2,51.0,46.5,37.9,70.0,48.0,29.0,14.7,2.7,0.0,30.06,29.97,0.0
9/13/2024,82.0,63.9,51.6,49.4,43.4,37.5,80.0,51.0,24.0,7.1,0.8,0.0,30.15,30.03,0.0
9/14/2024,86.9,66.7,55.2,51.4,44.4,33.9,63.0,46.0,27.0,5.3,0.6,0.0,30.18,30.09,0.0
9/15/2024,92.1,69.5,52.7,43.5,37.1,28.2,68.0,37.0,12.0,9.6,0.8,0.0,30.12,30.0,0.0
9/16/2024,92.8,68.5,51.0,37.4,30.6,26.2,42.0,27.0,11.0,9.6,0.8,0.0,30.06,29.94,0.0
9/17/2024,85.1,65.2,50.5,39.9,35.6,32.3,54.0,35.0,17.0,6.9,0.7,0.0,29.97,29.82,0.0
9/18/2024,83.6,69.0,60.0,54.8,47.8,32.3,70.0,49.0,28.0,9.3,1.1,0.0,29.91,29.82,0.0
9/19/2024,75.9,63.8,56.6,59.7,55.0,52.1,92.0,74.0,48.0,7.1,0.9,0.0,29.94,29.88,0.2
9/20/2024,71.7,61.4,55.5,58.8,55.3,53.4,94.0,81.0,57.0,5.3,0.3,0.0,29.94,29.88,0.0
9/21/2024,75.0,64.6,59.7,61.5,55.9,51.2,91.0,75.0,47.0,6.4,0.7,0.0,29.94,29.85,0.09
9/22/2024,76.1,61.6,51.4,55.2,49.3,44.2,90.0,67.0,34.0,9.3,0.5,0.0,29.97,29.91,0.0
9/23/2024,79.3,62.9,51.9,48.5,45.7,34.8,83.0,56.0,29.0,6.9,0.5,0.0,29.97,29.88,0.0
9/24/2024,76.4,62.2,56.3,51.0,39.5,29.8,72.0,45.0,25.0,6.7,0.7,0.0,29.97,29.88,0.0
9/25/2024,72.8,62.9,57.3,62.2,56.7,50.3,91.0,81.0,64.0,8.2,1.1,0.0,29.97,29.91,0.0
9/26/2024,71.7,64.4,57.5,61.3,57.4,53.2,89.0,78.0,59.0,9.6,2.4,0.0,29.94,29.82,0.0
9/27/2024,65.8,57.9,50.5,53.7,41.0,30.9,89.0,55.0,36.0,13.8,2.7,0.0,30.12,29.91,0.0
9/28/2024,77.5,54.9,40.6,38.1,33.3,27.6,78.0,48.0,19.0,4.9,0.4,0.0,30.18,30.09,0.0
9/29/2024,83.1,59.6,46.2,42.4,35.0,29.4,64.0,42.0,21.0,5.5,0.3,0.0,30.18,30.12,0.0
9/30/2024,88.1,64.5,50.1,40.8,36.4,33.0,57.0,38.0,17.0,4.6,0.3,0.0,30.15,30.03,0.0
